doc_id,jurisdictions,url,source_type,capture,retrieved_at,sha256,text_file,status
D002,"Berkeley, CA",https://morganlewis.com/pubs/2026/08/algorithmic-rent-pricing-litigation-expands-under-new-state-and-local-laws,secondary (law firm / news / mirror) (team capture),curl,2026-10-03T20:29Z,,D002.txt,ok
D028,CA,https://www.clearygottlieb.com/news-and-insights/publication-listing/californias-antitrust-law-amendments-kick-in-targeting-algorithmic-pricing,secondary (law firm / news / mirror) (team capture),curl,2026-10-03T20:30Z,,D028.txt,ok
D030,"Cambridge, MA",https://www.cambridgeday.com/?p=158097,secondary (law firm / news / mirror) (team capture),curl,2026-10-03T20:30Z,,D030.txt,ok
D035,"Jersey City, NJ",https://hudsoncountyview.com/jersey-city-council-approves-realpage-ban-and-increasing-benefits-for-laborers/,secondary (law firm / news / mirror) (team capture),curl,2026-10-03T20:30Z,,D035.txt,ok
D037,"Jersey City, NJ",https://www.morganlewis.com/pubs/2026/08/algorithmic-rent-pricing-litigation-expands-under-new-state-and-local-laws,secondary (law firm / news / mirror) (team capture),curl,2026-10-03T20:30Z,,D037.txt,ok
D044,"Los Angeles, CA",https://members.aagla.org/news/city-of-la-security-deposit-interest-requirement,secondary (law firm / news / mirror) (team capture),curl,2026-10-03T20:30Z,,D044.txt,ok
D054,MA,https://masslandlords.net/can-massachusetts-landlords-charge-an-application-fee/,secondary (law firm / news / mirror) (team capture),curl,2026-10-03T20:30Z,,D054.txt,ok
D055,MA,https://massrealestatelawblog.com/tag/cella-v-attorney-general/,secondary (law firm / news / mirror) (team capture),curl,2026-10-03T20:30Z,,D055.txt,ok
D059,MA,https://www.wbur.org/news/2026/06/23/massachusetts-high-court-rent-control-ballot-question-struck,secondary (law firm / news / mirror) (team capture),curl,2026-10-03T20:30Z,,D059.txt,ok
D060,NJ,https://daypitney.com/new-jersey-enacts-fair-act-to-prohibit-algorithmic-rent-setting-practices,secondary (law firm / news / mirror) (team capture),curl,2026-10-03T20:30Z,,D060.txt,ok
D075,"San Diego, CA",https://docs.sandiego.gov/municode/municodechapter09/ch09art08division08.pdf,"official (team capture: City of San Diego Municipal Code PDF, Ch. 9 Art. 8 Div. 8)",PDF downloaded by team,2026-10-03T22:43Z,f3760f8114ec47818c360b01793cf991e4258cabfd63c81b267f3d734e638f60,D075.txt,ok
D077,"San Diego, CA",https://www.lassd.org/resource/city-of-san-diego-tenant-protection-ordinance/,secondary (law firm / news / mirror) (team capture),curl,2026-10-03T20:30Z,,D077.txt,ok
D086,"Santa Ana, CA",https://www.ocbj.com/real-estate/santa-ana-bans-landlords-from-using-ai-apartment-rent-pricing-software/,secondary (law firm / news / mirror) (team capture),curl,2026-10-03T20:30Z,,D086.txt,ok
D087,"Santa Ana, CA",https://www.publicceo.com/2026/02/santa-ana-city-council-continues-to-strengthen-tenant-protections-by-banning-anticompetitive-rent-setting-software/,secondary (law firm / news / mirror) (team capture),curl,2026-10-03T20:30Z,,D087.txt,ok
TC01,"Hoboken, NJ",https://ecode360.com/HO0741,"code publisher (team capture: official PDF download, Hoboken Code ch. 155 Rent Control)",PDF downloaded by team from ecode360,2026-10-03T20:30Z,,TC01.txt,ok
D034,"Hoboken, NJ",https://ecode360.com/46833413,"code publisher (team capture: official PDF download, Hoboken Code ch. 158)",PDF saved by team from browser,2026-10-03T21:00Z,,D034.txt,ok
TC02,NJ,https://lis.njleg.state.nj.us/nxt/gateway.dll?f=templates&fn=default.htm&vid=Publish:10.1048/Enu,"official (team capture: N.J. Legislature statutes database, N.J.S.A. 46:8-21.1 and 46:8-21.2)",PDF saved by team from browser,2026-10-03T21:00Z,,TC02.txt,ok
TC03,NJ,https://lis.njleg.state.nj.us/nxt/gateway.dll?f=templates&fn=default.htm&vid=Publish:10.1048/Enu,"official (team capture: N.J. Legislature statutes database, N.J.S.A. 46:8-26)",PDF saved by team from browser,2026-10-03T21:00Z,,TC03.txt,ok
TC04,NJ,https://lis.njleg.state.nj.us/nxt/gateway.dll?f=templates&fn=default.htm&vid=Publish:10.1048/Enu,"official (team capture: N.J. Legislature statutes database, N.J.S.A. 2A:18-61.1)",PDF saved by team from browser,2026-10-03T21:00Z,,TC04.txt,ok
TC05,NJ,https://lis.njleg.state.nj.us/nxt/gateway.dll?f=templates&fn=default.htm&vid=Publish:10.1048/Enu,"official (team capture: N.J. Legislature statutes database, N.J.S.A. 10:5-12)",PDF saved by team from browser,2026-10-03T21:00Z,,TC05.txt,ok
D070,"Newark, NJ",https://ecode360.com/36623772,"code publisher (team capture: official PDF download, Newark Code ch. 19:2 Rent Control)",PDF downloaded by team,2026-10-03T22:05Z,,D070.txt,ok
D072,"Newark, NJ",https://ecode360.com/36642000,"code publisher (team capture: official PDF download, Newark Code ch. 2:31 Ban the Box)",PDF downloaded by team,2026-10-03T22:05Z,,D072.txt,ok
TC06,"San Diego, CA",https://docs.sandiego.gov/municode/municodechapter09/ch09art08division11.pdf,"official (team capture: City of San Diego Municipal Code PDF, Ch. 9 Art. 8 Div. 11)",PDF downloaded by team,2026-10-03T22:05Z,,TC06.txt,ok
