address_id,street_address,city,year_built,units,use_description,jurisdiction,category,team_rule_id,rule_title,expected_result,labeled_by,evidence_note
A0001,6238 DE LONGPRE AVE,"Los Angeles, CA",1927,32,Five or more apartments,"Los Angeles, CA",rent_increase_limits,LA-RENT-01,Los Angeles Rent Stabilization Ordinance (RSO) annual allowable rent increase,applies,Dhaval Vibhakar,
A0200,1853 N HIGHLAND AVE,"Los Angeles, CA",,5,Five or more apartments,"Los Angeles, CA",rent_increase_limits,LA-RENT-01,Los Angeles Rent Stabilization Ordinance (RSO) annual allowable rent increase,unknown,Dhaval Vibhakar,Year Built not found
A0235,6736 SELMA AVE,"Los Angeles, CA",,,Five or more apartments,CA,rent_increase_limits,CA-RENT-01,Tenant Protection Act rent cap (Civ. Code 1947.12),unknown,Dhaval Vibhakar,
A0107,10635 SHERMAN GROVE AVE,"Los Angeles, CA",1978,20,Five or more apartments,"Los Angeles, CA",just_cause_eviction,LA-EVIC-01,Los Angeles Just Cause for Eviction Ordinance (JCO),unknown,Dhaval Vibhakar,"Built 1978, the RSO cutoff year (Oct 1, 1978). JCO covers only units not under the RSO (D040 line 23, D041 line 21). Can't tell from year alone."
A0016,3515 FILLMORE ST,"San Francisco, CA",1926,21,Apartment 15 Units or more,"San Francisco, CA",rent_increase_limits,SF-RENT-01,"San Francisco annual allowable rent increase, 3/1/2026–2/28/2027",applies,Dhaval Vibhakar,Built before the June 1979 cutoff.
A0106,250 FREMONT ST,"San Francisco, CA",,60,Apartment 15 Units or more,"San Francisco, CA",rent_increase_limits,SF-RENT-01,"San Francisco annual allowable rent increase, 3/1/2026–2/28/2027",unknown,Dhaval Vibhakar,Unknown
A0088,201 CLEMENT ST,"San Francisco, CA",1908,9,Flat & Store 5 to 14 units,"San Francisco, CA",just_cause_eviction,SF-EVIC-01,San Francisco Rent Ordinance Just Cause Eviction (Section 37.9(a)),applies,Dhaval Vibhakar,
A0112,448 BRODERICK ST,"San Francisco, CA",1905,9,Apartment 5 to 14 Units,CA,algorithmic_rent_setting,CA-ALG-01,AB 325 – Common pricing algorithm prohibition (Cartwright Act),applies,Dhaval Vibhakar,In effect since 1/1/2026.
A0005,1609 ADDISON ST,"Berkeley, CA",,,Alameda County use code (5+ units),"Berkeley, CA",rent_increase_limits,BRK-RENT-01,2026 Annual General Adjustment (Regulation 1148),unknown,Dhaval Vibhakar,Coverage depends on building age.
A0157,2701 RIDGE RD,"Berkeley, CA",,,Alameda County use code (5+ units),"Berkeley, CA",rent_increase_limits,BRK-RENT-01,2026 Annual General Adjustment (Regulation 1148),unknown,Dhaval Vibhakar,Coverage depends on building age.
A0205,2425 GRANT ST,"Berkeley, CA",,,Alameda County use code (5+ units),"Berkeley, CA",just_cause_eviction,BRK-EVIC-01,Measure BB: changes to just cause eviction grounds and notice requirements,applies,Dhaval Vibhakar,"D009 coverage table: just cause is Yes for both pre-1980 and post-1980 buildings, so age doesn't matter. Exemptions are duplexes, shared-kitchen units, ADUs, dorms and co-ops; a 5+ unit building isn't a duplex."
A0019,3820 HAINES ST,"San Diego, CA",,16,SANDAG asr_landuse 14-16 (5+ units),CA,rent_increase_limits,CA-RENT-01,Tenant Protection Act rent cap (Civ. Code 1947.12),unknown,Dhaval Vibhakar,The new-construction exemption needs year built.
A0165,734 JAMAICA CT,"San Diego, CA",,8,SANDAG asr_landuse 14-16 (5+ units),CA,rent_increase_limits,CA-RENT-01,Tenant Protection Act rent cap (Civ. Code 1947.12),unknown,Dhaval Vibhakar,The new-construction exemption needs year built.
A0251,4663 33RD ST,"San Diego, CA",,8,SANDAG asr_landuse 14-16 (5+ units),"San Diego, CA",screening_restrictions,SD-SCR-01,San Diego Prohibition of Discrimination Based on a Tenant's Source of Income,applies,Dhaval Vibhakar,The only exemption is for owners who share a kitchen or bathroom with the tenant.
A0065,63 Bailey ST,"Boston, MA",,,LUXURY APARTMENT,"Boston, MA",rent_increase_limits,,(any rule in this jurisdiction and category),not_listed,Dhaval Vibhakar,Massachusetts bars local rent control.
A0006,69-71 WESTLAND AV,"Boston, MA",1900,,SUBSD HOUSING S- 8,"Boston, MA",just_cause_eviction,BOS-EVIC-01,Housing Stability Notification Act,applies,Dhaval Vibhakar,
A0096,81 WESTLAND AV,"Boston, MA",1910,,SUBSD HOUSING S- 8,MA,algorithmic_rent_setting,MA-ALG-P1,S.2983 An Act prohibiting algorithmic rent setting,pending,Dhaval Vibhakar,"It's a bill, not law."
A0123,123 Condor ST,"Boston, MA",2013,,SUBSD HOUSING S- 8,MA,just_cause_eviction,MA-EVIC-01,Massachusetts notice-to-quit requirements (no just-cause law),applies,Dhaval Vibhakar,
A0009,322-322.5 Western Ave,"Cambridge, MA",1915,6,4-8-UNIT-APT,"Cambridge, MA",rent_increase_limits,,(any rule in this jurisdiction and category),not_listed,Dhaval Vibhakar,
A0071,14.5-16 Vandine St,"Cambridge, MA",1900,5,4-8-UNIT-APT,"Cambridge, MA",just_cause_eviction,CAM-EVIC-01,Tenants Rights and Resources Ordinance – notice of rights at tenancy termination,applies,Dhaval Vibhakar,
A0095,23 Elm St,"Cambridge, MA",1900,6,4-8-UNIT-APT,MA,application_screening_fees,MA-FEE-01,"Broker fees for finding dwelling accommodations (G.L. c. 112, § 87DDD 1/2, as amended 2025)",applies,Dhaval Vibhakar,In effect since 8/1/2025.
A0227,1401 HUDSON ST,"Hoboken, NJ",2010,2,13B-93U-2C-G,"Hoboken, NJ",rent_increase_limits,HOB-RENT-01,Annual rent increase cap (lesser of 5% or CPI),unknown,Dhaval Vibhakar,"Hoboken Ch.155 (TC01 lines 370-375): 30-year exemption for newly constructed multiple dwellings if landlord filed; built 2010, filing not in data"
A0040,69-75 JACKSON ST,"Hoboken, NJ",,,3B-7U/4B-24U-G,"Hoboken, NJ",rent_increase_limits,HOB-RENT-01,Annual rent increase cap (lesser of 5% or CPI),unknown,Dhaval Vibhakar,"Hoboken Ch.155 exempts newer buildings (TC01 lines 330, 370-375); year built missing"
A0002,1031-1035 CLINTON ST,"Hoboken, NJ",2001,,6B-20U-G,"Hoboken, NJ",algorithmic_rent_setting,HOB-ALG-01,Algorithmic rent fixing in rental housing market prohibited,applies,Dhaval Vibhakar,
A0008,1065 SUMMIT AVENUE,"Jersey City, NJ",,,10S-B-A-151U-HE,"Jersey City, NJ",rent_increase_limits,JC-RENT-01,"Jersey City Rent Control Ordinance, Chapter 260",unknown,Dhaval Vibhakar,Read Chapter 260 for the unit-count and age conditions.
A0108,13 JEFFERSON AVE.,"Jersey City, NJ",,,3S-B-D-6U-H,"Jersey City, NJ",rent_increase_limits,JC-RENT-01,"Jersey City Rent Control Ordinance, Chapter 260",unknown,Dhaval Vibhakar,Read Chapter 260 for the unit-count and age conditions.
A0186,107 BEACON AVE.,"Jersey City, NJ",,,3S-F-D-5U-NH,NJ,algorithmic_rent_setting,NJ-ALG-01,Forbidding the Algorithmic Inflation of Rent (FAIR) Act,not_yet_effective,Dhaval Vibhakar,Effective 7/1/2027.
A0003,876-878 S 14TH ST,"Newark, NJ",,,4SB,"Newark, NJ",rent_increase_limits,NWK-RENT-01,"Annual rent increase cap (CPI, max 4%)",unknown,Dhaval Vibhakar,"Newark rent control exempts newly constructed multiple dwellings (D070 lines 394, 1471); year built missing"
A0090,30 JACKSON ST,"Newark, NJ",,,3S.F.,"Newark, NJ",rent_increase_limits,NWK-RENT-01,"Annual rent increase cap (CPI, max 4%)",unknown,Dhaval Vibhakar,"Newark rent control exempts newly constructed multiple dwellings (D070 lines 394, 1471); year built missing"
A0159,104 SUNSET AVE,"Newark, NJ",,,3SF,NJ,screening_restrictions,NJ-SCR-02,Source-of-income discrimination in rental housing (Law Against Discrimination),unknown,Dhaval Vibhakar,"LAD exempts owner-occupied two-family homes; unit count missing, so the exemption can't be ruled out"
